{"cameraMode":{"drawMode":0,"name":"Shaded","section":"Shading Mode"},"sceneLighting":true,"audioPlay":false,"sceneViewState":{"m_AlwaysRefresh":false,"showFog":true,"showSkybox":true,"showFlares":true,"showImageEffects":true,"showParticleSystems":true,"showVisualEffectGraphs":true,"m_FxEnabled":true},"in2DMode":false,"pivot":{"x":500.20684814453127,"y":36.062435150146487,"z":425.04193115234377},"rotation":{"x":0.34387877583503725,"y":0.23577681183815003,"z":-0.08963845670223236,"w":0.9045003652572632},"size":6.368401050567627,"orthographic":false}